<?xml version="1.0" encoding="UTF-8"?><?xml-stylesheet type='text/xsl' href='_UpgradeReport_Files/UpgradeReport.xslt'?><UpgradeLog>
<Properties><Property Name="Solution" Value="WriteCommandAreasToShe">
</Property><Property Name="Solution File" Value="F:\Jacob\WriteCommandAreasToShe\WriteCommandAreasToShe.sln">
</Property><Property Name="Date" Value="10. oktober 2008">
</Property><Property Name="Time" Value="14:14:32">
</Property></Properties><Event ErrorLevel="0" Project="FortuneVoronoi" Source="..\FortuneVoronoi\FortuneVoronoi.csproj" Description="Project converted successfully">
</Event><Event ErrorLevel="3" Project="FortuneVoronoi" Source="..\FortuneVoronoi\FortuneVoronoi.csproj" Description="Converted">
</Event><Event ErrorLevel="0" Project="FortuneVoronoi" Source="..\FortuneVoronoi\FortuneVoronoi.csproj" Description="Scan complete: Upgrade not required for project files.">
</Event></UpgradeLog>